-- MySQL Script generated by MySQL Workbench
-- 04/22/14 18:33:37
-- Model: New Model    Version: 1.0
SET @OLD_UNIQUE_CHECKS=@@UNIQUE_CHECKS, UNIQUE_CHECKS=0;
SET @OLD_FOREIGN_KEY_CHECKS=@@FOREIGN_KEY_CHECKS, FOREIGN_KEY_CHECKS=0;
SET @OLD_SQL_MODE=@@SQL_MODE, SQL_MODE='TRADITIONAL,ALLOW_INVALID_DATES';

-- -----------------------------------------------------
-- Schema securelogin_db
-- -----------------------------------------------------
CREATE SCHEMA IF NOT EXISTS `securelogin_db` DEFAULT CHARACTER SET utf8 COLLATE utf8_general_ci ;
USE `securelogin_db` ;

-- -----------------------------------------------------
-- Table `securelogin_db`.`usuario`
-- -----------------------------------------------------
DROP TABLE IF EXISTS `securelogin_db`.`usuario` ;

CREATE TABLE IF NOT EXISTS `securelogin_db`.`usuario` (
  `id` VARCHAR(45) NOT NULL,
  `contrasena` VARCHAR(80) NOT NULL,
  PRIMARY KEY (`id`))
ENGINE = InnoDB;


-- -----------------------------------------------------
-- Table `securelogin_db`.`persona`
-- -----------------------------------------------------
DROP TABLE IF EXISTS `securelogin_db`.`persona` ;

CREATE TABLE IF NOT EXISTS `securelogin_db`.`persona` (
  `id` VARCHAR(45) NOT NULL,
  `nombre` VARCHAR(80) NOT NULL,
  `apellido_p` VARCHAR(80) NOT NULL,
  `apellido_m` VARCHAR(80) NOT NULL,
  `correo` VARCHAR(128) NOT NULL,
  `edad` INT NULL,
  `sexo` VARCHAR(1) NULL,
  PRIMARY KEY (`id`),
  CONSTRAINT `fk_persona_usuario1`
    FOREIGN KEY (`id`)
    REFERENCES `securelogin_db`.`usuario` (`id`)
    ON DELETE NO ACTION
    ON UPDATE NO ACTION)
ENGINE = InnoDB;


-- -----------------------------------------------------
-- Table `securelogin_db`.`ultima_url`
-- -----------------------------------------------------
DROP TABLE IF EXISTS `securelogin_db`.`ultima_url` ;

CREATE TABLE IF NOT EXISTS `securelogin_db`.`ultima_url` (
  `id` VARCHAR(45) NOT NULL,
  `url` TEXT NOT NULL,
  `hora` DATETIME NOT NULL,
  PRIMARY KEY (`id`),
  INDEX `fk_ultima_url_usuario_idx` (`id` ASC),
  CONSTRAINT `fk_ultima_url_usuario`
    FOREIGN KEY (`id`)
    REFERENCES `securelogin_db`.`usuario` (`id`)
    ON DELETE NO ACTION
    ON UPDATE NO ACTION)
ENGINE = InnoDB;


SET SQL_MODE=@OLD_SQL_MODE;
SET FOREIGN_KEY_CHECKS=@OLD_FOREIGN_KEY_CHECKS;
SET UNIQUE_CHECKS=@OLD_UNIQUE_CHECKS;

-- -----------------------------------------------------
-- Data for table `securelogin_db`.`usuario`
-- -----------------------------------------------------
START TRANSACTION;
USE `securelogin_db`;
INSERT INTO `securelogin_db`.`usuario` (`id`, `contrasena`) VALUES ('useruno', 'unocon');
INSERT INTO `securelogin_db`.`usuario` (`id`, `contrasena`) VALUES ('userdos', 'doscon');
INSERT INTO `securelogin_db`.`usuario` (`id`, `contrasena`) VALUES ('usertres', 'trescon');
INSERT INTO `securelogin_db`.`usuario` (`id`, `contrasena`) VALUES ('usercuatro', 'cuatrocon');
INSERT INTO `securelogin_db`.`usuario` (`id`, `contrasena`) VALUES ('usercinco', 'cincocon');

COMMIT;


-- -----------------------------------------------------
-- Data for table `securelogin_db`.`persona`
-- -----------------------------------------------------
START TRANSACTION;
USE `securelogin_db`;
INSERT INTO `securelogin_db`.`persona` (`id`, `nombre`, `apellido_p`, `apellido_m`, `correo`, `edad`, `sexo`) VALUES ('useruno', 'Juan', 'Perez', 'Lopez', 'pelo@mail.com', 19, 'H');
INSERT INTO `securelogin_db`.`persona` (`id`, `nombre`, `apellido_p`, `apellido_m`, `correo`, `edad`, `sexo`) VALUES ('userdos', 'Pedro', 'Jarras', 'Gamboa', 'jaga@mail.com', 21, 'H');
INSERT INTO `securelogin_db`.`persona` (`id`, `nombre`, `apellido_p`, `apellido_m`, `correo`, `edad`, `sexo`) VALUES ('usertres', 'Amalia', 'Canto', 'Gil', 'agil@mail.com', 34, 'M');
INSERT INTO `securelogin_db`.`persona` (`id`, `nombre`, `apellido_p`, `apellido_m`, `correo`, `edad`, `sexo`) VALUES ('usercuatro', 'Joaquin', 'Santon', 'Hevi', 'josa@mail.com', 32, 'H');
INSERT INTO `securelogin_db`.`persona` (`id`, `nombre`, `apellido_p`, `apellido_m`, `correo`, `edad`, `sexo`) VALUES ('usercinco', 'Ana', 'Jhonson', 'Chuc', 'achu@mail.com', 23, 'M');

COMMIT;


-- -----------------------------------------------------
-- Data for table `securelogin_db`.`ultima_url`
-- -----------------------------------------------------
START TRANSACTION;
USE `securelogin_db`;
INSERT INTO `securelogin_db`.`ultima_url` (`id`, `url`, `hora`) VALUES ('useruno', 'www.google.com', '2014-04-22 12:47:30');
INSERT INTO `securelogin_db`.`ultima_url` (`id`, `url`, `hora`) VALUES ('userdos', 'www.yahoo.com', '2014-04-21 13:34:21');
INSERT INTO `securelogin_db`.`ultima_url` (`id`, `url`, `hora`) VALUES ('usertres', 'www.github.com', '2014-03-29 02:01:53');
INSERT INTO `securelogin_db`.`ultima_url` (`id`, `url`, `hora`) VALUES ('usercuatro', 'www.translate.google.es', '2014-04-27 10:40:23');
INSERT INTO `securelogin_db`.`ultima_url` (`id`, `url`, `hora`) VALUES ('usercinco', 'www.taringa.com', '2014-04-24 09:14:21');

COMMIT;

